<?xml version="1.0" encoding="UTF-8"?>
<project-private xmlns="http://www.netbeans.org/ns/project-private/1">
    <editor-bookmarks xmlns="http://www.netbeans.org/ns/editor-bookmarks/2" lastBookmarkId="0"/>
    <open-files xmlns="http://www.netbeans.org/ns/projectui-open-files/2">
        <group>
            <file>file:/C:/Users/GuHeHe/Desktop/bit%20p/src/hproject/StaffEntry.java</file>
            <file>file:/C:/Users/GuHeHe/Desktop/bit%20p/src/hproject/MainMenuS.java</file>
            <file>file:/C:/Users/GuHeHe/Desktop/bit%20p/src/hproject/JOptionPane.java</file>
            <file>file:/C:/Users/GuHeHe/Desktop/bit%20p/src/hproject/TypeEntry.java</file>
            <file>file:/C:/Users/GuHeHe/Desktop/bit%20p/src/hproject/ItemEntry.java</file>
            <file>file:/C:/Users/GuHeHe/Desktop/bit%20p/src/hproject/SaleSearch.java</file>
            <file>file:/C:/Users/GuHeHe/Desktop/bit%20p/src/hproject/StaffSearch.java</file>
            <file>file:/C:/Users/GuHeHe/Desktop/bit%20p/src/hproject/ItemUpdate.java</file>
            <file>file:/C:/Users/GuHeHe/Desktop/bit%20p/src/hproject/SaleDetail.java</file>
            <file>file:/C:/Users/GuHeHe/Desktop/bit%20p/src/hproject/ItemDetail.java</file>
            <file>file:/C:/Users/GuHeHe/Desktop/bit%20p/src/hproject/SupplierSearch.java</file>
            <file>file:/C:/Users/GuHeHe/Desktop/bit%20p/src/hproject/SupplierEdit.java</file>
            <file>file:/C:/Users/GuHeHe/Desktop/bit%20p/src/hproject/ItemSearch.java</file>
        </group>
    </open-files>
</project-private>
